company_name,company_img
23&me,https://firebasestorage.googleapis.com/v0/b/doraemon-3dc2a.appspot.com/o/Companies_Logos%2Fdummy.png?alt=media&token=6df5c209-5238-4d3e-a208-a61d9ecfcd3b
Accolite,https://firebasestorage.googleapis.com/v0/b/doraemon-3dc2a.appspot.com/o/Companies_Logos%2Faccolite.jpg?alt=media&token=6bd80866-02a3-436c-9288-fe9e656c2a94
Activevideo,https://firebasestorage.googleapis.com/v0/b/doraemon-3dc2a.appspot.com/o/Companies_Logos%2Factivevideo.jpg?alt=media&token=f5fad340-b00f-43ec-80cc-dec9ba9e282d
Activision,https://firebasestorage.googleapis.com/v0/b/doraemon-3dc2a.appspot.com/o/Companies_Logos%2Factivision.jpg?alt=media&token=139f5b2f-a1ef-45bf-ba73-e381f8bd557a
Adobe,https://firebasestorage.googleapis.com/v0/b/doraemon-3dc2a.appspot.com/o/Companies_Logos%2Fadobe.jpg?alt=media&token=ad8a9928-20c1-4573-9ffd-a379ae49bdc5
Aetion,https://firebasestorage.googleapis.com/v0/b/doraemon-3dc2a.appspot.com/o/Companies_Logos%2Faetion.jpg?alt=media&token=c5b2c81b-e29b-4a60-9d6d-3d8a81808fc8
Affinity,https://firebasestorage.googleapis.com/v0/b/doraemon-3dc2a.appspot.com/o/Companies_Logos%2Faffinity.jpg?alt=media&token=c8ad3010-97d3-442a-b746-4601a6e4d7af
Affirm,https://firebasestorage.googleapis.com/v0/b/doraemon-3dc2a.appspot.com/o/Companies_Logos%2Faffirm.jpg?alt=media&token=4eb0338e-5591-40a5-836d-caf97310d7e9
Airbnb,https://firebasestorage.googleapis.com/v0/b/doraemon-3dc2a.appspot.com/o/Companies_Logos%2Fairbnb.jpg?alt=media&token=7a48447d-cb1e-4ec3-a93c-e9bd46454492
Airtel,https://firebasestorage.googleapis.com/v0/b/doraemon-3dc2a.appspot.com/o/Companies_Logos%2Fdummy.png?alt=media&token=6df5c209-5238-4d3e-a208-a61d9ecfcd3b
Ajira,https://firebasestorage.googleapis.com/v0/b/doraemon-3dc2a.appspot.com/o/Companies_Logos%2Fdummy.png?alt=media&token=6df5c209-5238-4d3e-a208-a61d9ecfcd3b
Akamai,https://firebasestorage.googleapis.com/v0/b/doraemon-3dc2a.appspot.com/o/Companies_Logos%2Fakamai.jpg?alt=media&token=bc9b80e0-6162-4635-af11-55238eafd82b
Akuna,https://firebasestorage.googleapis.com/v0/b/doraemon-3dc2a.appspot.com/o/Companies_Logos%2Fakuna.jpg?alt=media&token=f22a5cd9-44d7-48c6-be89-bbc70fade472
Akuna Capital,https://firebasestorage.googleapis.com/v0/b/doraemon-3dc2a.appspot.com/o/Companies_Logos%2Fdummy.png?alt=media&token=6df5c209-5238-4d3e-a208-a61d9ecfcd3b
Alation,https://firebasestorage.googleapis.com/v0/b/doraemon-3dc2a.appspot.com/o/Companies_Logos%2Falation.jpg?alt=media&token=70bf69c3-43ca-4e3c-84e3-c005f36567bd
Alibaba,https://firebasestorage.googleapis.com/v0/b/doraemon-3dc2a.appspot.com/o/Companies_Logos%2Falibaba.jpg?alt=media&token=f313dd20-b4c0-4be4-9dbd-ef213151480f
AllinCall,https://firebasestorage.googleapis.com/v0/b/doraemon-3dc2a.appspot.com/o/Companies_Logos%2Fdummy.png?alt=media&token=6df5c209-5238-4d3e-a208-a61d9ecfcd3b
Amazon,https://firebasestorage.googleapis.com/v0/b/doraemon-3dc2a.appspot.com/o/Companies_Logos%2Famazon.jpg?alt=media&token=6099f8bc-8406-4992-b0c6-42e536e240e1
American Express,https://firebasestorage.googleapis.com/v0/b/doraemon-3dc2a.appspot.com/o/Companies_Logos%2Famericanexpress.jpg?alt=media&token=f1714597-8a61-42c0-80d6-d613fe15c349
AppDynamics,https://firebasestorage.googleapis.com/v0/b/doraemon-3dc2a.appspot.com/o/Companies_Logos%2Fappdynamics.jpg?alt=media&token=961c07d9-6ae1-44d6-b179-797059803f39
Apple,https://firebasestorage.googleapis.com/v0/b/doraemon-3dc2a.appspot.com/o/Companies_Logos%2Fapple.jpg?alt=media&token=8cda9301-e92b-4fd5-85f6-b0376166e8fd
APT Portfolio,https://firebasestorage.googleapis.com/v0/b/doraemon-3dc2a.appspot.com/o/Companies_Logos%2Fdummy.png?alt=media&token=6df5c209-5238-4d3e-a208-a61d9ecfcd3b
AQR Capital Management LLC,https://firebasestorage.googleapis.com/v0/b/doraemon-3dc2a.appspot.com/o/Companies_Logos%2Fdummy.png?alt=media&token=6df5c209-5238-4d3e-a208-a61d9ecfcd3b
Arcesium,https://firebasestorage.googleapis.com/v0/b/doraemon-3dc2a.appspot.com/o/Companies_Logos%2Fdummy.png?alt=media&token=6df5c209-5238-4d3e-a208-a61d9ecfcd3b
Arista,https://firebasestorage.googleapis.com/v0/b/doraemon-3dc2a.appspot.com/o/Companies_Logos%2Farista.jpg?alt=media&token=91ca896e-691b-4845-a4cb-228fb405761e
Arista Networks,https://firebasestorage.googleapis.com/v0/b/doraemon-3dc2a.appspot.com/o/Companies_Logos%2Faristanetworks.jpg?alt=media&token=1d1708a2-180d-4ad2-9774-a48821217b93
Asana,https://firebasestorage.googleapis.com/v0/b/doraemon-3dc2a.appspot.com/o/Companies_Logos%2Fasana.jpg?alt=media&token=0a472ebe-e8bc-4fff-86fb-f8d227001a92
Atlassian,https://firebasestorage.googleapis.com/v0/b/doraemon-3dc2a.appspot.com/o/Companies_Logos%2Fatlassian.jpg?alt=media&token=7dd36399-9fa3-4b7a-8bc0-c11d3e607c6c
Audible,https://firebasestorage.googleapis.com/v0/b/doraemon-3dc2a.appspot.com/o/Companies_Logos%2Faudible.jpg?alt=media&token=b1bc62f7-3f83-4779-8546-9d91c67ec8cc
Baidu,https://firebasestorage.googleapis.com/v0/b/doraemon-3dc2a.appspot.com/o/Companies_Logos%2Fbaidu.jpg?alt=media&token=626dc87f-b406-4977-bc85-664ba2373c2e
Barclays,https://firebasestorage.googleapis.com/v0/b/doraemon-3dc2a.appspot.com/o/Companies_Logos%2Fbarclays.jpg?alt=media&token=67eb1a53-ea55-4950-91d5-f4578eb7780f
BlackRock,https://firebasestorage.googleapis.com/v0/b/doraemon-3dc2a.appspot.com/o/Companies_Logos%2Fblackrock.jpg?alt=media&token=bb07c52a-7e11-411b-9c26-d7653084a487
Blizzard,https://firebasestorage.googleapis.com/v0/b/doraemon-3dc2a.appspot.com/o/Companies_Logos%2Fblizzard.jpg?alt=media&token=21439e95-c291-4462-8f5f-1bb76e6be720
Bloomberg,https://firebasestorage.googleapis.com/v0/b/doraemon-3dc2a.appspot.com/o/Companies_Logos%2Fbloomberg.jpg?alt=media&token=c64838e6-a967-45fa-a03e-35e8e5bc53d1
Bloomreach,https://firebasestorage.googleapis.com/v0/b/doraemon-3dc2a.appspot.com/o/Companies_Logos%2Fbloomreach.jpg?alt=media&token=5e5a13f3-3b93-4e1b-aad4-af89e1a02a8a
BNY Mellon,https://firebasestorage.googleapis.com/v0/b/doraemon-3dc2a.appspot.com/o/Companies_Logos%2Fbnymellon.jpg?alt=media&token=ceb5e60b-941e-47bd-ada5-928ede850247
Booking,https://firebasestorage.googleapis.com/v0/b/doraemon-3dc2a.appspot.com/o/Companies_Logos%2Fbooking.jpg?alt=media&token=41162a91-a4c8-461e-bc9f-7702eee22b78
Booking.com,https://firebasestorage.googleapis.com/v0/b/doraemon-3dc2a.appspot.com/o/Companies_Logos%2Fdummy.png?alt=media&token=6df5c209-5238-4d3e-a208-a61d9ecfcd3b
Box,https://firebasestorage.googleapis.com/v0/b/doraemon-3dc2a.appspot.com/o/Companies_Logos%2Fbox.jpg?alt=media&token=744e3912-ac51-4011-9816-86aa8c399453
Brillio,https://firebasestorage.googleapis.com/v0/b/doraemon-3dc2a.appspot.com/o/Companies_Logos%2Fbrillio.jpg?alt=media&token=a3d1f59d-56c1-4005-8d08-58bb9cdcbc8a
ByteDance,https://firebasestorage.googleapis.com/v0/b/doraemon-3dc2a.appspot.com/o/Companies_Logos%2Fbytedance.jpg?alt=media&token=ab9170af-defc-443a-9d9a-f49984f8624c
ByteDance(Toutiao),https://firebasestorage.googleapis.com/v0/b/doraemon-3dc2a.appspot.com/o/Companies_Logos%2Fdummy.png?alt=media&token=6df5c209-5238-4d3e-a208-a61d9ecfcd3b
C3 IoT,https://firebasestorage.googleapis.com/v0/b/doraemon-3dc2a.appspot.com/o/Companies_Logos%2Fc3iot.jpg?alt=media&token=20eaa02f-42e9-4442-bc9b-43272c27b296
C3.ai,https://firebasestorage.googleapis.com/v0/b/doraemon-3dc2a.appspot.com/o/Companies_Logos%2Fdummy.png?alt=media&token=6df5c209-5238-4d3e-a208-a61d9ecfcd3b
Capital One,https://firebasestorage.googleapis.com/v0/b/doraemon-3dc2a.appspot.com/o/Companies_Logos%2Fcapitalone.jpg?alt=media&token=165c067a-5284-4b48-a8b4-e5c0746f5da9
CasaOne,https://firebasestorage.googleapis.com/v0/b/doraemon-3dc2a.appspot.com/o/Companies_Logos%2Fcasaone.jpg?alt=media&token=0a79456f-1ab6-452f-93c6-9cf3ba77365a
Cashfree,https://firebasestorage.googleapis.com/v0/b/doraemon-3dc2a.appspot.com/o/Companies_Logos%2Fcashfree.jpg?alt=media&token=d183c24e-461a-42f4-aad6-d325f6a69a91
Cisco,https://firebasestorage.googleapis.com/v0/b/doraemon-3dc2a.appspot.com/o/Companies_Logos%2Fcisco.jpg?alt=media&token=3f29c30a-716c-4451-9cef-6cb886d0fa51
Citadel,https://firebasestorage.googleapis.com/v0/b/doraemon-3dc2a.appspot.com/o/Companies_Logos%2Fcitadel.jpg?alt=media&token=634c17b1-4b3b-4791-9920-c9abec468d45
Citrix,https://firebasestorage.googleapis.com/v0/b/doraemon-3dc2a.appspot.com/o/Companies_Logos%2Fcitrix.jpg?alt=media&token=095b6c55-8f05-479c-8d9a-0fd342762542
Cloudera,https://firebasestorage.googleapis.com/v0/b/doraemon-3dc2a.appspot.com/o/Companies_Logos%2Fcloudera.jpg?alt=media&token=6970853e-841a-4f94-b07f-b4fcedcbf3c2
Clutter,https://firebasestorage.googleapis.com/v0/b/doraemon-3dc2a.appspot.com/o/Companies_Logos%2Fclutter.jpg?alt=media&token=fa6a7b3c-9fe3-474a-8afd-c03d366a5b86
Codenation,https://firebasestorage.googleapis.com/v0/b/doraemon-3dc2a.appspot.com/o/Companies_Logos%2Fcodenation.jpg?alt=media&token=d1a39702-64b2-4829-aa5e-fdbecd3ff91e
CodeSignal,https://firebasestorage.googleapis.com/v0/b/doraemon-3dc2a.appspot.com/o/Companies_Logos%2Fcodesignal.jpg?alt=media&token=8fa14532-ba66-437c-a645-b937e50bdb05
Cohesity,https://firebasestorage.googleapis.com/v0/b/doraemon-3dc2a.appspot.com/o/Companies_Logos%2Fcohesity.jpg?alt=media&token=ef1b147e-1785-458f-97ad-4b368e07c644
Coupang,https://firebasestorage.googleapis.com/v0/b/doraemon-3dc2a.appspot.com/o/Companies_Logos%2Fcoupang.jpg?alt=media&token=6f505141-9969-475d-a94f-d842a82e412c
Coursera,https://firebasestorage.googleapis.com/v0/b/doraemon-3dc2a.appspot.com/o/Companies_Logos%2Fcoursera.jpg?alt=media&token=909bd85c-6839-46a0-a6ab-c1fa0a295f23
Cruise Automation,https://firebasestorage.googleapis.com/v0/b/doraemon-3dc2a.appspot.com/o/Companies_Logos%2Fcruiseautomation.jpg?alt=media&token=a267e9fa-3c2f-477a-a7ea-b05abe868924
CureFit,https://firebasestorage.googleapis.com/v0/b/doraemon-3dc2a.appspot.com/o/Companies_Logos%2Fcurefit.jpg?alt=media&token=9142f7a1-04f1-41aa-bba5-7bbce751a2cb
Databricks,https://firebasestorage.googleapis.com/v0/b/doraemon-3dc2a.appspot.com/o/Companies_Logos%2Fdatabricks.jpg?alt=media&token=f3ad4059-ced2-4c07-b4dd-ecdc508a6d1a
Dataminr,https://firebasestorage.googleapis.com/v0/b/doraemon-3dc2a.appspot.com/o/Companies_Logos%2Fdataminr.jpg?alt=media&token=bd9a1274-c015-4000-aaf0-4d919b3d8bf8
DE Shaw,https://firebasestorage.googleapis.com/v0/b/doraemon-3dc2a.appspot.com/o/Companies_Logos%2Fdeshaw.jpg?alt=media&token=12f8b9a9-4ff2-4077-9125-13192adca7a0
Delivery Hero,https://firebasestorage.googleapis.com/v0/b/doraemon-3dc2a.appspot.com/o/Companies_Logos%2Fdeliveryhero.jpg?alt=media&token=bab98bc5-96f2-4a3c-85d0-7336e03f6672
Dell,https://firebasestorage.googleapis.com/v0/b/doraemon-3dc2a.appspot.com/o/Companies_Logos%2Fdell.jpg?alt=media&token=a06690b5-347a-4bbc-9e59-fffb2ba74ea3
Deutsche Bank,https://firebasestorage.googleapis.com/v0/b/doraemon-3dc2a.appspot.com/o/Companies_Logos%2Fdummy.png?alt=media&token=6df5c209-5238-4d3e-a208-a61d9ecfcd3b
DiDi,https://firebasestorage.googleapis.com/v0/b/doraemon-3dc2a.appspot.com/o/Companies_Logos%2Fdidi.jpg?alt=media&token=55214003-4d7a-473c-8120-eb6f1028937c
Directi,https://firebasestorage.googleapis.com/v0/b/doraemon-3dc2a.appspot.com/o/Companies_Logos%2Fdirecti.jpg?alt=media&token=120b7c45-3871-45ee-874f-0598ac2975f2
DJI,https://firebasestorage.googleapis.com/v0/b/doraemon-3dc2a.appspot.com/o/Companies_Logos%2Fdji.jpg?alt=media&token=487443f3-bbeb-44eb-b8ae-f03beee7c1b8
Docusign,https://firebasestorage.googleapis.com/v0/b/doraemon-3dc2a.appspot.com/o/Companies_Logos%2Fdocusign.jpg?alt=media&token=0f96fba2-bd03-4201-bdbc-67eb5e6a4638
DoorDash,https://firebasestorage.googleapis.com/v0/b/doraemon-3dc2a.appspot.com/o/Companies_Logos%2Fdoordash.jpg?alt=media&token=11f761a6-4940-4682-815e-16a0477f2d51
Dosh,https://firebasestorage.googleapis.com/v0/b/doraemon-3dc2a.appspot.com/o/Companies_Logos%2Fdosh.jpg?alt=media&token=6e9777b6-f432-4528-b644-2e48f0ac22fd
Drawbridge,https://firebasestorage.googleapis.com/v0/b/doraemon-3dc2a.appspot.com/o/Companies_Logos%2Fdummy.png?alt=media&token=6df5c209-5238-4d3e-a208-a61d9ecfcd3b
Dream11,https://firebasestorage.googleapis.com/v0/b/doraemon-3dc2a.appspot.com/o/Companies_Logos%2Fdream11.jpg?alt=media&token=07c36a55-b49b-432d-b6be-1c21c3d5b808
Dropbox,https://firebasestorage.googleapis.com/v0/b/doraemon-3dc2a.appspot.com/o/Companies_Logos%2Fdropbox.jpg?alt=media&token=e501b53e-3e73-402a-9108-2055b1cf71a4
Druva,https://firebasestorage.googleapis.com/v0/b/doraemon-3dc2a.appspot.com/o/Companies_Logos%2Fdruva.jpg?alt=media&token=1d451834-7bb8-4c34-9f58-3a0514f4c8ed
DRW,https://firebasestorage.googleapis.com/v0/b/doraemon-3dc2a.appspot.com/o/Companies_Logos%2Fdrw.jpg?alt=media&token=ef4403f3-f256-4b21-8a55-f8b780c9c02b
Dunzo,https://firebasestorage.googleapis.com/v0/b/doraemon-3dc2a.appspot.com/o/Companies_Logos%2Fdunzo.jpg?alt=media&token=d1473d68-1f92-4ed5-ba00-af769f517c9c
Duolingo,https://firebasestorage.googleapis.com/v0/b/doraemon-3dc2a.appspot.com/o/Companies_Logos%2Fduolingo.jpg?alt=media&token=b8a87b69-547f-470b-8673-493638eedecd
eBay,https://firebasestorage.googleapis.com/v0/b/doraemon-3dc2a.appspot.com/o/Companies_Logos%2Febay.jpg?alt=media&token=43f646be-5b2f-4bc9-84db-0d6a40986254
edabit,https://firebasestorage.googleapis.com/v0/b/doraemon-3dc2a.appspot.com/o/Companies_Logos%2Fdummy.png?alt=media&token=6df5c209-5238-4d3e-a208-a61d9ecfcd3b
Electronic Arts,https://firebasestorage.googleapis.com/v0/b/doraemon-3dc2a.appspot.com/o/Companies_Logos%2Felectronicarts.jpg?alt=media&token=2ab5c454-55ce-4196-9b72-4eb152784108
endurance,https://firebasestorage.googleapis.com/v0/b/doraemon-3dc2a.appspot.com/o/Companies_Logos%2Fendurance.jpg?alt=media&token=cfb4e135-dc0c-49f9-85d6-aa6116f79212
Epic Systems,https://firebasestorage.googleapis.com/v0/b/doraemon-3dc2a.appspot.com/o/Companies_Logos%2Fepicsystems.jpg?alt=media&token=61872569-016f-4f15-be78-64b88a861ffa
Evernote,https://firebasestorage.googleapis.com/v0/b/doraemon-3dc2a.appspot.com/o/Companies_Logos%2Fevernote.jpg?alt=media&token=51b620c1-2720-4c53-9326-fbad38e85606
Expedia,https://firebasestorage.googleapis.com/v0/b/doraemon-3dc2a.appspot.com/o/Companies_Logos%2Fexpedia.jpg?alt=media&token=9531836b-ad84-45f6-bf79-0758224ec2c6
F5 Networks,https://firebasestorage.googleapis.com/v0/b/doraemon-3dc2a.appspot.com/o/Companies_Logos%2Ff5networks.jpg?alt=media&token=fbc7b82e-1d3c-4756-a690-a96da17e8b3d
Facebook,https://firebasestorage.googleapis.com/v0/b/doraemon-3dc2a.appspot.com/o/Companies_Logos%2Ffacebook.jpg?alt=media&token=745c31e2-aa72-4d1a-85e4-8ae95c2561c4
FactSet,https://firebasestorage.googleapis.com/v0/b/doraemon-3dc2a.appspot.com/o/Companies_Logos%2Ffactset.jpg?alt=media&token=f284d272-5abe-4f98-97ca-c190de920b9d
Fallible,https://firebasestorage.googleapis.com/v0/b/doraemon-3dc2a.appspot.com/o/Companies_Logos%2Ffallible.jpg?alt=media&token=cc9a5700-e762-4bf2-b14e-f74a395c513d
Fidessa,https://firebasestorage.googleapis.com/v0/b/doraemon-3dc2a.appspot.com/o/Companies_Logos%2Ffidessa.jpg?alt=media&token=6a8bcc2c-6ae6-42ce-b145-0e32fb193c5a
Flexport,https://firebasestorage.googleapis.com/v0/b/doraemon-3dc2a.appspot.com/o/Companies_Logos%2Fflexport.jpg?alt=media&token=54c43550-7ece-437b-be34-5b8646678915
Flipkart,https://firebasestorage.googleapis.com/v0/b/doraemon-3dc2a.appspot.com/o/Companies_Logos%2Fflipkart.jpg?alt=media&token=6e0a63a0-8ea1-4be8-ad02-fee1a6955a2a
ForUsAll,https://firebasestorage.googleapis.com/v0/b/doraemon-3dc2a.appspot.com/o/Companies_Logos%2Fforusall.jpg?alt=media&token=b9920afb-d646-464b-95cb-0348e4a7cc2d
Garena,https://firebasestorage.googleapis.com/v0/b/doraemon-3dc2a.appspot.com/o/Companies_Logos%2Fgarena.jpg?alt=media&token=1d1cf3cf-9ff5-4c7f-b170-22b201e19401
GE Digital,https://firebasestorage.googleapis.com/v0/b/doraemon-3dc2a.appspot.com/o/Companies_Logos%2Fdummy.png?alt=media&token=6df5c209-5238-4d3e-a208-a61d9ecfcd3b
Gilt Groupe,https://firebasestorage.googleapis.com/v0/b/doraemon-3dc2a.appspot.com/o/Companies_Logos%2Fdummy.png?alt=media&token=6df5c209-5238-4d3e-a208-a61d9ecfcd3b
GoDaddy,https://firebasestorage.googleapis.com/v0/b/doraemon-3dc2a.appspot.com/o/Companies_Logos%2Fgodaddy.jpg?alt=media&token=cab50a70-15c1-4f2a-8175-f94065ae622b
Goldman Sachs,https://firebasestorage.googleapis.com/v0/b/doraemon-3dc2a.appspot.com/o/Companies_Logos%2Fgoldmansachs.jpg?alt=media&token=cec4d567-9bf0-49ce-91bd-71b18eb92801
Google,https://firebasestorage.googleapis.com/v0/b/doraemon-3dc2a.appspot.com/o/Companies_Logos%2Fgoogle.jpg?alt=media&token=b93dde9c-78b0-46be-baf3-5b57471cf89f
Grab,https://firebasestorage.googleapis.com/v0/b/doraemon-3dc2a.appspot.com/o/Companies_Logos%2Fgrab.jpg?alt=media&token=ebb52025-5f97-458e-b757-19ec65d40585
Groupon,https://firebasestorage.googleapis.com/v0/b/doraemon-3dc2a.appspot.com/o/Companies_Logos%2Fgroupon.jpg?alt=media&token=2f6d4e07-98f5-4eb2-a2fd-bcef26a1aa6a
GSN Games,https://firebasestorage.googleapis.com/v0/b/doraemon-3dc2a.appspot.com/o/Companies_Logos%2Fgsngames.jpg?alt=media&token=b1dc51e0-0a8f-46c2-bdd6-493dcbdd3aa4
Hackerrank,https://firebasestorage.googleapis.com/v0/b/doraemon-3dc2a.appspot.com/o/Companies_Logos%2Fhackerrank.jpg?alt=media&token=8fabc771-f7fe-4e4d-b3d8-9c903c3f460d
HBO,https://firebasestorage.googleapis.com/v0/b/doraemon-3dc2a.appspot.com/o/Companies_Logos%2Fhbo.jpg?alt=media&token=2979714d-80fa-45a5-9e70-c2beea143fc9
HeavyWater,https://firebasestorage.googleapis.com/v0/b/doraemon-3dc2a.appspot.com/o/Companies_Logos%2Fheavywater.jpg?alt=media&token=ca08749e-8f3b-4cb6-a092-54e702d709dc
Helix,https://firebasestorage.googleapis.com/v0/b/doraemon-3dc2a.appspot.com/o/Companies_Logos%2Fhelix.jpg?alt=media&token=158a6c4d-b539-4ff8-a752-55206cae319d
Honey,https://firebasestorage.googleapis.com/v0/b/doraemon-3dc2a.appspot.com/o/Companies_Logos%2Fhoney.jpg?alt=media&token=d072af12-0290-4a91-a64f-8f92f6ac590d
Hotstar,https://firebasestorage.googleapis.com/v0/b/doraemon-3dc2a.appspot.com/o/Companies_Logos%2Fhotstar.jpg?alt=media&token=1a1027c4-f071-4c49-a5cb-d59d6923466f
Houzz,https://firebasestorage.googleapis.com/v0/b/doraemon-3dc2a.appspot.com/o/Companies_Logos%2Fhouzz.jpg?alt=media&token=6a4e7552-6c79-475f-b37e-afce3ba465e2
HRT,https://firebasestorage.googleapis.com/v0/b/doraemon-3dc2a.appspot.com/o/Companies_Logos%2Fhuawei.jpg?alt=media&token=e5ef60d1-8580-4238-bab0-1ad9c7b5ee9f
Huawei,https://firebasestorage.googleapis.com/v0/b/doraemon-3dc2a.appspot.com/o/Companies_Logos%2Fhuawei.jpg?alt=media&token=e5ef60d1-8580-4238-bab0-1ad9c7b5ee9f
Hulu,https://firebasestorage.googleapis.com/v0/b/doraemon-3dc2a.appspot.com/o/Companies_Logos%2Fdummy.png?alt=media&token=6df5c209-5238-4d3e-a208-a61d9ecfcd3b
Huwaei,https://firebasestorage.googleapis.com/v0/b/doraemon-3dc2a.appspot.com/o/Companies_Logos%2Fdummy.png?alt=media&token=6df5c209-5238-4d3e-a208-a61d9ecfcd3b
IBM,https://firebasestorage.googleapis.com/v0/b/doraemon-3dc2a.appspot.com/o/Companies_Logos%2Fibm.jpg?alt=media&token=441ced1c-1298-48e6-9b41-963c6756a719
Indeed,https://firebasestorage.googleapis.com/v0/b/doraemon-3dc2a.appspot.com/o/Companies_Logos%2Findeed.jpg?alt=media&token=a4065856-938d-4f9c-a51e-e69204a25a21
Infosys,https://firebasestorage.googleapis.com/v0/b/doraemon-3dc2a.appspot.com/o/Companies_Logos%2Finfosys.jpg?alt=media&token=63f2e07c-ec56-4f00-9dd0-24005536b374
InMobi,https://firebasestorage.googleapis.com/v0/b/doraemon-3dc2a.appspot.com/o/Companies_Logos%2Finmobi.jpg?alt=media&token=0c406b47-ad9a-427e-9d2b-e56c3921236a
Intel,https://firebasestorage.googleapis.com/v0/b/doraemon-3dc2a.appspot.com/o/Companies_Logos%2Fintel.jpg?alt=media&token=d555c504-7b75-4da4-9023-74c8e212e1f4
Intuit,https://firebasestorage.googleapis.com/v0/b/doraemon-3dc2a.appspot.com/o/Companies_Logos%2Fintuit.jpg?alt=media&token=053821da-78ad-4a97-bc85-a74555c466ff
IXL,https://firebasestorage.googleapis.com/v0/b/doraemon-3dc2a.appspot.com/o/Companies_Logos%2Fixl.jpg?alt=media&token=cf886dbf-f923-4782-803d-5411b696b2fe
Jane Street,https://firebasestorage.googleapis.com/v0/b/doraemon-3dc2a.appspot.com/o/Companies_Logos%2Fjanestreet.jpg?alt=media&token=9cf3bfb7-3b89-43d2-9e53-5ea6bc3140c3
Jingchi,https://firebasestorage.googleapis.com/v0/b/doraemon-3dc2a.appspot.com/o/Companies_Logos%2Fdummy.png?alt=media&token=6df5c209-5238-4d3e-a208-a61d9ecfcd3b
JP Morgan,https://firebasestorage.googleapis.com/v0/b/doraemon-3dc2a.appspot.com/o/Companies_Logos%2Fjpmorgan.jpg?alt=media&token=91611439-16fe-454a-9601-af883733f0d3
JP Morgan Chase,https://firebasestorage.googleapis.com/v0/b/doraemon-3dc2a.appspot.com/o/Companies_Logos%2Fjpmorganchase.jpg?alt=media&token=5f0f0501-676e-45d6-a783-278534c17606
Jump Trading,https://firebasestorage.googleapis.com/v0/b/doraemon-3dc2a.appspot.com/o/Companies_Logos%2Fjumptrading.jpg?alt=media&token=798109eb-9789-4cb8-8005-9540df55dbbc
Kakao,https://firebasestorage.googleapis.com/v0/b/doraemon-3dc2a.appspot.com/o/Companies_Logos%2Fkakao.jpg?alt=media&token=6113a54c-25bf-4951-a1b3-554fdb066153
Karat,https://firebasestorage.googleapis.com/v0/b/doraemon-3dc2a.appspot.com/o/Companies_Logos%2Fkarat.jpg?alt=media&token=241d577a-6998-4a94-a323-d91d625f9435
Leap Motion,https://firebasestorage.googleapis.com/v0/b/doraemon-3dc2a.appspot.com/o/Companies_Logos%2Fleapmotion.jpg?alt=media&token=3f535d81-b2bf-4774-82e8-bc7ee41422a0
Lendingkart,https://firebasestorage.googleapis.com/v0/b/doraemon-3dc2a.appspot.com/o/Companies_Logos%2Flendingkart.jpg?alt=media&token=2463d717-4adf-4f19-91a5-2f30c83498ce
LimeBike,https://firebasestorage.googleapis.com/v0/b/doraemon-3dc2a.appspot.com/o/Companies_Logos%2Fdummy.png?alt=media&token=6df5c209-5238-4d3e-a208-a61d9ecfcd3b
LinkedIn,https://firebasestorage.googleapis.com/v0/b/doraemon-3dc2a.appspot.com/o/Companies_Logos%2Flinkedin.jpg?alt=media&token=4cba43dc-e2ca-423a-8943-d7cb93f6bb20
LiveRamp,https://firebasestorage.googleapis.com/v0/b/doraemon-3dc2a.appspot.com/o/Companies_Logos%2Fliveramp.jpg?alt=media&token=9fabe8fa-06ca-4324-9e56-2992af02f444
Lyft,https://firebasestorage.googleapis.com/v0/b/doraemon-3dc2a.appspot.com/o/Companies_Logos%2Flyft.jpg?alt=media&token=e1eebc86-b093-4cb3-8742-2a499bff579e
Machine Zone,https://firebasestorage.googleapis.com/v0/b/doraemon-3dc2a.appspot.com/o/Companies_Logos%2Fmachinezone.jpg?alt=media&token=e8fdd57e-b45a-4b36-ac5f-7e28b4c629bc
MachineZone,https://firebasestorage.googleapis.com/v0/b/doraemon-3dc2a.appspot.com/o/Companies_Logos%2Fdummy.png?alt=media&token=6df5c209-5238-4d3e-a208-a61d9ecfcd3b
MakeMyTrip,https://firebasestorage.googleapis.com/v0/b/doraemon-3dc2a.appspot.com/o/Companies_Logos%2Fdummy.png?alt=media&token=6df5c209-5238-4d3e-a208-a61d9ecfcd3b
Mapbox,https://firebasestorage.googleapis.com/v0/b/doraemon-3dc2a.appspot.com/o/Companies_Logos%2Fmapbox.jpg?alt=media&token=fc876aa3-f816-4d49-985c-85d9075f1d0b
MAQ Software,https://firebasestorage.googleapis.com/v0/b/doraemon-3dc2a.appspot.com/o/Companies_Logos%2Fmaqsoftware.jpg?alt=media&token=b81a3d6b-8e47-4052-862b-66d0d59f361b
Mathworks,https://firebasestorage.googleapis.com/v0/b/doraemon-3dc2a.appspot.com/o/Companies_Logos%2Fmathworks.jpg?alt=media&token=87a5bc1e-9525-45a9-92ef-02ed9e863a77
McKinsey,https://firebasestorage.googleapis.com/v0/b/doraemon-3dc2a.appspot.com/o/Companies_Logos%2Fmckinsey.jpg?alt=media&token=db06ad3a-858c-4450-a0a5-61af46b706c8
Media.net,https://firebasestorage.googleapis.com/v0/b/doraemon-3dc2a.appspot.com/o/Companies_Logos%2Fdummy.png?alt=media&token=6df5c209-5238-4d3e-a208-a61d9ecfcd3b
Mercari,https://firebasestorage.googleapis.com/v0/b/doraemon-3dc2a.appspot.com/o/Companies_Logos%2Fmercari.jpg?alt=media&token=56c0d9aa-785b-4922-a4d3-2b0f8e42c9e2
Microsoft,https://firebasestorage.googleapis.com/v0/b/doraemon-3dc2a.appspot.com/o/Companies_Logos%2Fmicrosoft.jpg?alt=media&token=ffeb866b-c9e9-440a-b8c1-02b3ea8f0048
Microstrategy,https://firebasestorage.googleapis.com/v0/b/doraemon-3dc2a.appspot.com/o/Companies_Logos%2Fmicrostrategy.jpg?alt=media&token=85790e63-8af6-46fc-b23f-11d38b924006
MindTickle,https://firebasestorage.googleapis.com/v0/b/doraemon-3dc2a.appspot.com/o/Companies_Logos%2Fmindtickle.jpg?alt=media&token=96e5edb0-4f15-4c19-92c0-d51c1075084c
Morgan Stanley,https://firebasestorage.googleapis.com/v0/b/doraemon-3dc2a.appspot.com/o/Companies_Logos%2Fmorganstanley.jpg?alt=media&token=545c0eff-0462-4061-804a-f807d0665597
Nagarro,https://firebasestorage.googleapis.com/v0/b/doraemon-3dc2a.appspot.com/o/Companies_Logos%2Fnagarro.jpg?alt=media&token=f147c35c-7007-45e2-b574-414d715ea9a5
National Instruments,https://firebasestorage.googleapis.com/v0/b/doraemon-3dc2a.appspot.com/o/Companies_Logos%2Fnationalinstruments.jpg?alt=media&token=877e18f4-829e-4348-a680-98fbdf1b2c86
NerdWallet,https://firebasestorage.googleapis.com/v0/b/doraemon-3dc2a.appspot.com/o/Companies_Logos%2Fnerdwallet.jpg?alt=media&token=89fd6ca5-5efa-4c65-81dd-2bc9d56f571c
NetEase,https://firebasestorage.googleapis.com/v0/b/doraemon-3dc2a.appspot.com/o/Companies_Logos%2Fnetease.jpg?alt=media&token=edd453c0-4421-4ef5-8c48-f467faafe8e7
Netflix,https://firebasestorage.googleapis.com/v0/b/doraemon-3dc2a.appspot.com/o/Companies_Logos%2Fnetflix.jpg?alt=media&token=2866f739-4921-4d3f-b541-8924e78e9fd4
Netsuite,https://firebasestorage.googleapis.com/v0/b/doraemon-3dc2a.appspot.com/o/Companies_Logos%2Fnetsuite.jpg?alt=media&token=5d670e58-3bce-4c84-b767-7c8fd3db7e8d
Nira Finance,https://firebasestorage.googleapis.com/v0/b/doraemon-3dc2a.appspot.com/o/Companies_Logos%2Fnirafinance.jpg?alt=media&token=c81ef646-4cd7-4e38-996f-8d28772f60af
Nuro,https://firebasestorage.googleapis.com/v0/b/doraemon-3dc2a.appspot.com/o/Companies_Logos%2Fdummy.png?alt=media&token=6df5c209-5238-4d3e-a208-a61d9ecfcd3b
Nutanix,https://firebasestorage.googleapis.com/v0/b/doraemon-3dc2a.appspot.com/o/Companies_Logos%2Fnutanix.jpg?alt=media&token=b6391a11-4f32-4d94-bbad-2399b08c4427
Nvidia,https://firebasestorage.googleapis.com/v0/b/doraemon-3dc2a.appspot.com/o/Companies_Logos%2Fnvidia.jpg?alt=media&token=bff7f043-4206-4085-a90e-00ec755fe58b
Oasis Labs,https://firebasestorage.googleapis.com/v0/b/doraemon-3dc2a.appspot.com/o/Companies_Logos%2Foasislabs.jpg?alt=media&token=3957efdc-f145-44c1-9bc4-b21f9be5f8e4
Opendoor,https://firebasestorage.googleapis.com/v0/b/doraemon-3dc2a.appspot.com/o/Companies_Logos%2Fopendoor.jpg?alt=media&token=025b0d85-c077-480e-9e38-3a3de90e8617
Optum,https://firebasestorage.googleapis.com/v0/b/doraemon-3dc2a.appspot.com/o/Companies_Logos%2Foptum.jpg?alt=media&token=9ef8c866-99e8-4639-8e5c-e0b18f2a6d4e
Oracle,https://firebasestorage.googleapis.com/v0/b/doraemon-3dc2a.appspot.com/o/Companies_Logos%2Foracle.jpg?alt=media&token=e4b228e8-624c-4d23-ad1d-bdb7d9d21991
OT,https://firebasestorage.googleapis.com/v0/b/doraemon-3dc2a.appspot.com/o/Companies_Logos%2Fdummy.png?alt=media&token=6df5c209-5238-4d3e-a208-a61d9ecfcd3b
Palantir Technologies,https://firebasestorage.googleapis.com/v0/b/doraemon-3dc2a.appspot.com/o/Companies_Logos%2Fdummy.png?alt=media&token=6df5c209-5238-4d3e-a208-a61d9ecfcd3b
Paypal,https://firebasestorage.googleapis.com/v0/b/doraemon-3dc2a.appspot.com/o/Companies_Logos%2Fpaypal.jpg?alt=media&token=8fe5795f-c601-4c46-9d95-5c4ccbc9bb95
PayTM,https://firebasestorage.googleapis.com/v0/b/doraemon-3dc2a.appspot.com/o/Companies_Logos%2Fpaytm.jpg?alt=media&token=323f71cd-de4e-4b73-aacb-ca412dae6c99
peak6,https://firebasestorage.googleapis.com/v0/b/doraemon-3dc2a.appspot.com/o/Companies_Logos%2Fpeak6.jpg?alt=media&token=37abcb24-0971-4ebe-89cf-cf06fbb68c49
PhonePe,https://firebasestorage.googleapis.com/v0/b/doraemon-3dc2a.appspot.com/o/Companies_Logos%2Fphonepe.jpg?alt=media&token=b023f6f3-2ee6-422c-9aae-90145ea94d3f
Pinterest,https://firebasestorage.googleapis.com/v0/b/doraemon-3dc2a.appspot.com/o/Companies_Logos%2Fpinterest.jpg?alt=media&token=89499210-3bdd-403a-9b5d-510266a2ab11
Pocket Gems,https://firebasestorage.googleapis.com/v0/b/doraemon-3dc2a.appspot.com/o/Companies_Logos%2Fpocketgems.jpg?alt=media&token=542b04c7-31b8-4b64-8b91-209625074026
Point72,https://firebasestorage.googleapis.com/v0/b/doraemon-3dc2a.appspot.com/o/Companies_Logos%2Fpoint72.jpg?alt=media&token=7fcf6fc5-83de-474f-944e-c31f9e7c43c9
Pony.ai,https://firebasestorage.googleapis.com/v0/b/doraemon-3dc2a.appspot.com/o/Companies_Logos%2Fdummy.png?alt=media&token=6df5c209-5238-4d3e-a208-a61d9ecfcd3b
Poshmark,https://firebasestorage.googleapis.com/v0/b/doraemon-3dc2a.appspot.com/o/Companies_Logos%2Fposhmark.jpg?alt=media&token=120dab10-4df3-4f57-bc4f-a3e771fac788
Postman,https://firebasestorage.googleapis.com/v0/b/doraemon-3dc2a.appspot.com/o/Companies_Logos%2Fdummy.png?alt=media&token=6df5c209-5238-4d3e-a208-a61d9ecfcd3b
Postmates,https://firebasestorage.googleapis.com/v0/b/doraemon-3dc2a.appspot.com/o/Companies_Logos%2Fpostmates.jpg?alt=media&token=4b290b9b-2cbc-4f77-a932-3e4cdb6c81db
Poynt,https://firebasestorage.googleapis.com/v0/b/doraemon-3dc2a.appspot.com/o/Companies_Logos%2Fpoynt.jpg?alt=media&token=f37eebed-770c-408f-98d9-e072a79bc236
Pramp,https://firebasestorage.googleapis.com/v0/b/doraemon-3dc2a.appspot.com/o/Companies_Logos%2Fpramp.jpg?alt=media&token=d7700897-867d-4878-a48c-136ba8587845
Pure Storage,https://firebasestorage.googleapis.com/v0/b/doraemon-3dc2a.appspot.com/o/Companies_Logos%2Fpurestorage.jpg?alt=media&token=68c5b83f-bd94-4180-a03b-1e9257d3134f
Qualcomm,https://firebasestorage.googleapis.com/v0/b/doraemon-3dc2a.appspot.com/o/Companies_Logos%2Fqualcomm.jpg?alt=media&token=29391a32-d4f5-42c1-9c9d-bc69ac0445f5
Qualtrics,https://firebasestorage.googleapis.com/v0/b/doraemon-3dc2a.appspot.com/o/Companies_Logos%2Fqualtrics.jpg?alt=media&token=ce2321e1-11ef-4275-a119-cd0ab7701280
Quble,https://firebasestorage.googleapis.com/v0/b/doraemon-3dc2a.appspot.com/o/Companies_Logos%2Fdummy.png?alt=media&token=6df5c209-5238-4d3e-a208-a61d9ecfcd3b
Quip (Salesforce),https://firebasestorage.googleapis.com/v0/b/doraemon-3dc2a.appspot.com/o/Companies_Logos%2Fdummy.png?alt=media&token=6df5c209-5238-4d3e-a208-a61d9ecfcd3b
Quora,https://firebasestorage.googleapis.com/v0/b/doraemon-3dc2a.appspot.com/o/Companies_Logos%2Fquora.jpg?alt=media&token=7df98824-bc4d-42fb-8433-99f1415d7da7
Rackspace,https://firebasestorage.googleapis.com/v0/b/doraemon-3dc2a.appspot.com/o/Companies_Logos%2Frackspace.jpg?alt=media&token=ef495e69-a684-4b1e-808d-c1a358c7c333
Radius,https://firebasestorage.googleapis.com/v0/b/doraemon-3dc2a.appspot.com/o/Companies_Logos%2Fradius.jpg?alt=media&token=5257df5b-833e-4690-ace8-8aaa3f83f59a
Reddit,https://firebasestorage.googleapis.com/v0/b/doraemon-3dc2a.appspot.com/o/Companies_Logos%2Freddit.jpg?alt=media&token=a7710912-4a76-4289-978e-89999ded0166
Redfin,https://firebasestorage.googleapis.com/v0/b/doraemon-3dc2a.appspot.com/o/Companies_Logos%2Fredfin.jpg?alt=media&token=22d08f80-a7db-4ba2-aedd-e7f22679e6b9
Riot Games,https://firebasestorage.googleapis.com/v0/b/doraemon-3dc2a.appspot.com/o/Companies_Logos%2Friotgames.jpg?alt=media&token=2b33dcf9-218c-4b33-a876-9ca51c2db656
Robinhood,https://firebasestorage.googleapis.com/v0/b/doraemon-3dc2a.appspot.com/o/Companies_Logos%2Frobinhood.jpg?alt=media&token=408508c4-cdae-49e1-a4b9-c57b91cbade3
Roblox,https://firebasestorage.googleapis.com/v0/b/doraemon-3dc2a.appspot.com/o/Companies_Logos%2Froblox.jpg?alt=media&token=abab2d63-628d-4a25-b95f-0f652df68443
Rubrik,https://firebasestorage.googleapis.com/v0/b/doraemon-3dc2a.appspot.com/o/Companies_Logos%2Frubrik.jpg?alt=media&token=6eb9b754-16c5-49e4-8ce5-6ba1cdd01bf9
Rupeek,https://firebasestorage.googleapis.com/v0/b/doraemon-3dc2a.appspot.com/o/Companies_Logos%2Frupeek.jpg?alt=media&token=a5adb268-72c8-43d8-a3d3-6234bbb8ae52
Salesforce,https://firebasestorage.googleapis.com/v0/b/doraemon-3dc2a.appspot.com/o/Companies_Logos%2Fsalesforce.jpg?alt=media&token=2268b7c2-d69b-4cae-9106-26f2e28c03ff
Sambanova,https://firebasestorage.googleapis.com/v0/b/doraemon-3dc2a.appspot.com/o/Companies_Logos%2Fdummy.png?alt=media&token=6df5c209-5238-4d3e-a208-a61d9ecfcd3b
Samsung,https://firebasestorage.googleapis.com/v0/b/doraemon-3dc2a.appspot.com/o/Companies_Logos%2Fsamsung.jpg?alt=media&token=2b4ea132-751d-4d3f-98a2-d2ef37672455
SAP,https://firebasestorage.googleapis.com/v0/b/doraemon-3dc2a.appspot.com/o/Companies_Logos%2Fsap.jpg?alt=media&token=1a0122c3-12b3-4f2a-b27e-4063f4985fba
Sapient,https://firebasestorage.googleapis.com/v0/b/doraemon-3dc2a.appspot.com/o/Companies_Logos%2Fsapient.jpg?alt=media&token=368af96c-ab30-464d-b49e-683a29bdefdd
ServiceNow,https://firebasestorage.googleapis.com/v0/b/doraemon-3dc2a.appspot.com/o/Companies_Logos%2Fservicenow.jpg?alt=media&token=6663faa7-f6f1-4678-ad74-fe6c42b9f0d3
Snapchat,https://firebasestorage.googleapis.com/v0/b/doraemon-3dc2a.appspot.com/o/Companies_Logos%2Fsnapchat.jpg?alt=media&token=7024a031-af9d-44fe-917f-e886cc3b8c20
Snapdeal,https://firebasestorage.googleapis.com/v0/b/doraemon-3dc2a.appspot.com/o/Companies_Logos%2Fsnapdeal.jpg?alt=media&token=c55aa0d5-3996-4212-8ff7-3591a5512a58
SoundHound,https://firebasestorage.googleapis.com/v0/b/doraemon-3dc2a.appspot.com/o/Companies_Logos%2Fsoundhound.jpg?alt=media&token=185c1fb1-567a-456d-a038-851e05cf0bbb
Splunk,https://firebasestorage.googleapis.com/v0/b/doraemon-3dc2a.appspot.com/o/Companies_Logos%2Fsplunk.jpg?alt=media&token=175b30c6-7fbd-49b4-9243-8a512249723d
Spotify,https://firebasestorage.googleapis.com/v0/b/doraemon-3dc2a.appspot.com/o/Companies_Logos%2Fspotify.jpg?alt=media&token=1f41ed53-bbf7-4f81-bb2b-a7937f46b4a1
Sprinklr,https://firebasestorage.googleapis.com/v0/b/doraemon-3dc2a.appspot.com/o/Companies_Logos%2Fsprinklr.jpg?alt=media&token=5e15b90c-28e4-4552-ac42-c35b81cfa0a7
Square,https://firebasestorage.googleapis.com/v0/b/doraemon-3dc2a.appspot.com/o/Companies_Logos%2Fsquare.jpg?alt=media&token=8aeee7f4-7a03-43df-b5ef-2ac6e9fe12a8
Startup,https://firebasestorage.googleapis.com/v0/b/doraemon-3dc2a.appspot.com/o/Companies_Logos%2Fdummy.png?alt=media&token=6df5c209-5238-4d3e-a208-a61d9ecfcd3b
Sumerge,https://firebasestorage.googleapis.com/v0/b/doraemon-3dc2a.appspot.com/o/Companies_Logos%2Fsumerge.jpg?alt=media&token=cb12f94c-cee0-46e8-8000-26e7a8715a94
Sumologic,https://firebasestorage.googleapis.com/v0/b/doraemon-3dc2a.appspot.com/o/Companies_Logos%2Fsumologic.jpg?alt=media&token=c6ccedcc-834c-42b2-9ade-a372d28eabb9
Swiggy,https://firebasestorage.googleapis.com/v0/b/doraemon-3dc2a.appspot.com/o/Companies_Logos%2Fdummy.png?alt=media&token=6df5c209-5238-4d3e-a208-a61d9ecfcd3b
Tableau,https://firebasestorage.googleapis.com/v0/b/doraemon-3dc2a.appspot.com/o/Companies_Logos%2Ftableau.jpg?alt=media&token=41e627ca-ed0d-4ce2-bb25-7973b6885927
TandemG,https://firebasestorage.googleapis.com/v0/b/doraemon-3dc2a.appspot.com/o/Companies_Logos%2Ftandemg.jpg?alt=media&token=e8dcd603-5180-4b3a-9e99-9c6d322bab84
tcs,https://firebasestorage.googleapis.com/v0/b/doraemon-3dc2a.appspot.com/o/Companies_Logos%2Ftcs.jpg?alt=media&token=d8e8fc59-35be-4aac-bbc8-e21ec3400380
Tencent,https://firebasestorage.googleapis.com/v0/b/doraemon-3dc2a.appspot.com/o/Companies_Logos%2Ftencent.jpg?alt=media&token=41a493ee-319b-41f1-94dd-0abff3111cae
Tesla,https://firebasestorage.googleapis.com/v0/b/doraemon-3dc2a.appspot.com/o/Companies_Logos%2Ftesla.jpg?alt=media&token=4692e15e-d887-449a-a810-e3401433af82
Thumbtack,https://firebasestorage.googleapis.com/v0/b/doraemon-3dc2a.appspot.com/o/Companies_Logos%2Fthumbtack.jpg?alt=media&token=73c77378-ade0-4301-8c01-cacda02e4d31
Toptal,https://firebasestorage.googleapis.com/v0/b/doraemon-3dc2a.appspot.com/o/Companies_Logos%2Ftoptal.jpg?alt=media&token=4fa11d52-92d4-40f3-9206-f2d76c5de309
Traveloka,https://firebasestorage.googleapis.com/v0/b/doraemon-3dc2a.appspot.com/o/Companies_Logos%2Ftraveloka.jpg?alt=media&token=10260454-3e9e-43f7-9443-04ae2e687323
Trexquant,https://firebasestorage.googleapis.com/v0/b/doraemon-3dc2a.appspot.com/o/Companies_Logos%2Ftrexquant.jpg?alt=media&token=70b3f628-d8f5-46ee-a40c-e2f39d42803b
TripAdvisor,https://firebasestorage.googleapis.com/v0/b/doraemon-3dc2a.appspot.com/o/Companies_Logos%2Ftripadvisor.jpg?alt=media&token=cd895fa8-bb56-4f6d-8b50-bf6b8b753d73
TripleByte,https://firebasestorage.googleapis.com/v0/b/doraemon-3dc2a.appspot.com/o/Companies_Logos%2Ftriplebyte.jpg?alt=media&token=eec54dd3-be0e-4195-bdae-077072cd4dbf
TSYS,https://firebasestorage.googleapis.com/v0/b/doraemon-3dc2a.appspot.com/o/Companies_Logos%2Ftsys.jpg?alt=media&token=0170a198-2165-42c0-baf0-8b639576fac3
Turvo,https://firebasestorage.googleapis.com/v0/b/doraemon-3dc2a.appspot.com/o/Companies_Logos%2Fturvo.jpg?alt=media&token=5bc56d1b-d7d1-4b64-a84b-999e94a4492c
Twilio,https://firebasestorage.googleapis.com/v0/b/doraemon-3dc2a.appspot.com/o/Companies_Logos%2Ftwilio.jpg?alt=media&token=fdd198ea-82a4-43e3-925f-74776ebb6595
Twitch,https://firebasestorage.googleapis.com/v0/b/doraemon-3dc2a.appspot.com/o/Companies_Logos%2Ftwitch.jpg?alt=media&token=8bb4ddad-37c2-4cf8-9070-90a738ed6d42
Twitter,https://firebasestorage.googleapis.com/v0/b/doraemon-3dc2a.appspot.com/o/Companies_Logos%2Ftwitter.jpg?alt=media&token=7c316414-49a6-47e8-9b08-ecbb2358b0f2
Two Sigma,https://firebasestorage.googleapis.com/v0/b/doraemon-3dc2a.appspot.com/o/Companies_Logos%2Ftwosigma.jpg?alt=media&token=33628f2e-0683-4a50-af2e-bb99bf8d4f3b
Uber,https://firebasestorage.googleapis.com/v0/b/doraemon-3dc2a.appspot.com/o/Companies_Logos%2Fuber.jpg?alt=media&token=e55c78ee-84db-4381-8e9e-47ce8bff5b8a
UiPath,https://firebasestorage.googleapis.com/v0/b/doraemon-3dc2a.appspot.com/o/Companies_Logos%2Fdummy.png?alt=media&token=6df5c209-5238-4d3e-a208-a61d9ecfcd3b
Unacademy,https://firebasestorage.googleapis.com/v0/b/doraemon-3dc2a.appspot.com/o/Companies_Logos%2Funacademy.jpg?alt=media&token=8cc2e17e-7446-43c7-b51a-5531152cf5f6
United Health Group,https://firebasestorage.googleapis.com/v0/b/doraemon-3dc2a.appspot.com/o/Companies_Logos%2Funitedhealthgroup.jpg?alt=media&token=640e06c2-cdf6-4a1a-a547-d45785c5fd66
Valve,https://firebasestorage.googleapis.com/v0/b/doraemon-3dc2a.appspot.com/o/Companies_Logos%2Fdummy.png?alt=media&token=6df5c209-5238-4d3e-a208-a61d9ecfcd3b
Virtu Financial,https://firebasestorage.googleapis.com/v0/b/doraemon-3dc2a.appspot.com/o/Companies_Logos%2Fvirtufinancial.jpg?alt=media&token=d6a567df-676e-4257-9949-b8713ca37352
Visa,https://firebasestorage.googleapis.com/v0/b/doraemon-3dc2a.appspot.com/o/Companies_Logos%2Fvisa.jpg?alt=media&token=ae9edca2-1a3e-48fe-9423-cd569e46349b
VMware,https://firebasestorage.googleapis.com/v0/b/doraemon-3dc2a.appspot.com/o/Companies_Logos%2Fvmware.jpg?alt=media&token=e25af5a5-b033-426f-9f2c-26fd2b63f469
Walmart,https://firebasestorage.googleapis.com/v0/b/doraemon-3dc2a.appspot.com/o/Companies_Logos%2Fwalmart.jpg?alt=media&token=248cbaed-75a2-4dd1-88b2-775bed328edf
Walmart Labs,https://firebasestorage.googleapis.com/v0/b/doraemon-3dc2a.appspot.com/o/Companies_Logos%2Fwalmartlabs.jpg?alt=media&token=10e1f672-5ec7-410c-9751-7c62f21244bb
Wayfair,https://firebasestorage.googleapis.com/v0/b/doraemon-3dc2a.appspot.com/o/Companies_Logos%2Fwayfair.jpg?alt=media&token=97232422-7050-427c-9404-973b38d0b16f
Whole Foods Market,https://firebasestorage.googleapis.com/v0/b/doraemon-3dc2a.appspot.com/o/Companies_Logos%2Fwholefoodsmarket.jpg?alt=media&token=30ed7897-353e-430b-9371-28baad6acd8f
Wish,https://firebasestorage.googleapis.com/v0/b/doraemon-3dc2a.appspot.com/o/Companies_Logos%2Fwish.jpg?alt=media&token=4760398e-dd66-4899-94d0-af5e48642180
Works Applications,https://firebasestorage.googleapis.com/v0/b/doraemon-3dc2a.appspot.com/o/Companies_Logos%2Fdummy.png?alt=media&token=6df5c209-5238-4d3e-a208-a61d9ecfcd3b
Yahoo,https://firebasestorage.googleapis.com/v0/b/doraemon-3dc2a.appspot.com/o/Companies_Logos%2Fyahoo.jpg?alt=media&token=5aeb7e13-31b8-4242-8172-99edcd04c133
Yandex,https://firebasestorage.googleapis.com/v0/b/doraemon-3dc2a.appspot.com/o/Companies_Logos%2Fyandex.jpg?alt=media&token=8fbf41c2-11d3-4bfb-93e3-913793f33715
Yatra,https://firebasestorage.googleapis.com/v0/b/doraemon-3dc2a.appspot.com/o/Companies_Logos%2Fdummy.png?alt=media&token=6df5c209-5238-4d3e-a208-a61d9ecfcd3b
Yelp,https://firebasestorage.googleapis.com/v0/b/doraemon-3dc2a.appspot.com/o/Companies_Logos%2Fyelp.jpg?alt=media&token=953d26b1-70e8-48ac-b74d-fbaeea996091
Zalando,https://firebasestorage.googleapis.com/v0/b/doraemon-3dc2a.appspot.com/o/Companies_Logos%2Fzalando.jpg?alt=media&token=dffef3b2-1a67-44dc-97bd-c21907f2b8d8
Zappos,https://firebasestorage.googleapis.com/v0/b/doraemon-3dc2a.appspot.com/o/Companies_Logos%2Fdummy.png?alt=media&token=6df5c209-5238-4d3e-a208-a61d9ecfcd3b
Zenefits,https://firebasestorage.googleapis.com/v0/b/doraemon-3dc2a.appspot.com/o/Companies_Logos%2Fzenefits.jpg?alt=media&token=61747dea-603b-466c-9285-751e4e365148
Zillow,https://firebasestorage.googleapis.com/v0/b/doraemon-3dc2a.appspot.com/o/Companies_Logos%2Fzillow.jpg?alt=media&token=bd71d612-2f1e-48b5-b642-70510d14f09f
Zoho,https://firebasestorage.googleapis.com/v0/b/doraemon-3dc2a.appspot.com/o/Companies_Logos%2Fzoho.jpg?alt=media&token=8d003d3e-f771-4248-b3c2-76ca127c754c
Zoom,https://firebasestorage.googleapis.com/v0/b/doraemon-3dc2a.appspot.com/o/Companies_Logos%2Fzoom.jpg?alt=media&token=49194b26-2340-48c2-ab38-503a6ae16d8b
ZScaler,https://firebasestorage.googleapis.com/v0/b/doraemon-3dc2a.appspot.com/o/Companies_Logos%2Fzscaler.jpg?alt=media&token=46cd3bd1-a981-489c-b769-7d9878dade4c
Zulily,https://firebasestorage.googleapis.com/v0/b/doraemon-3dc2a.appspot.com/o/Companies_Logos%2Fzulily.jpg?alt=media&token=5b5a2015-e6c4-429e-b5bc-614cbc6b4361
Zynga,https://firebasestorage.googleapis.com/v0/b/doraemon-3dc2a.appspot.com/o/Companies_Logos%2Fdummy.png?alt=media&token=6df5c209-5238-4d3e-a208-a61d9ecfcd3b
